ORDER_ID,FLAG_INSURANCE,INSURANCE_TYPE,CUSTOMER_COST,AGENCY_COST
1,0, NO_INSURANCE,0.00,0.00
2,0, NO_INSURANCE,0.00,0.00
3,1, MULTIRISK,10.62,2.20
4,0, NO_INSURANCE,0.00,0.00
5,1, CANCELLATION,3.97,0.79
6,0, NO_INSURANCE,0.00,0.00
7,1, CANCELLATION,5.97,1.19
8,0, NO_INSURANCE,0.00,0.00
9,1, CANCELLATION,15.49,3.10
10,0, NO_INSURANCE,0.00,0.00
11,0, NO_INSURANCE,0.00,0.00
12,0, NO_INSURANCE,0.00,0.00
13,0, NO_INSURANCE,0.00,0.00
14,0, NO_INSURANCE,0.00,0.00
15,0, NO_INSURANCE,0.00,0.00
16,0, NO_INSURANCE,0.00,0.00
17,0, NO_INSURANCE,0.00,0.00
18,0, NO_INSURANCE,0.00,0.00
19,1, MULTIRISK,27.34,4.29
20,0, NO_INSURANCE,0.00,0.00
21,0, NO_INSURANCE,0.00,0.00
22,1, CANCELLATION,12.87,2.57
23,0, NO_INSURANCE,0.00,0.00
24,1, CANCELLATION,8.59,1.72
25,1, CANCELLATION,13.17,2.63
26,0, NO_INSURANCE,0.00,0.00
27,0, NO_INSURANCE,0.00,0.00
28,1, MULTIRISK,19.48,3.31
29,0, NO_INSURANCE,0.00,0.00
30,0, NO_INSURANCE,0.00,0.00
31,0, NO_INSURANCE,0.00,0.00
32,0, NO_INSURANCE,0.00,0.00
33,0, NO_INSURANCE,0.00,0.00
34,0, NO_INSURANCE,0.00,0.00
35,0, NO_INSURANCE,0.00,0.00
36,0, NO_INSURANCE,0.00,0.00
37,1, MULTIRISK,20.93,3.49
38,1, MULTIRISK,20.02,3.38
39,1, MULTIRISK,16.29,2.91
40,0, NO_INSURANCE,0.00,0.00
41,0, NO_INSURANCE,0.00,0.00
42,1, CANCELLATION,6.31,1.26
43,0, NO_INSURANCE,0.00,0.00
44,0, NO_INSURANCE,0.00,0.00
45,0, NO_INSURANCE,0.00,0.00
46,0, NO_INSURANCE,0.00,0.00
47,0, NO_INSURANCE,0.00,0.00
48,1, MULTIRISK,8.63,1.95
49,0, NO_INSURANCE,0.00,0.00
50,0, NO_INSURANCE,0.00,0.00
51,0, NO_INSURANCE,0.00,0.00
52,0, NO_INSURANCE,0.00,0.00
53,1, MULTIRISK,16.90,2.99
54,0, NO_INSURANCE,0.00,0.00
55,0, NO_INSURANCE,0.00,0.00
56,1, MULTIRISK,8.28,1.91
57,0, NO_INSURANCE,0.00,0.00
58,0, NO_INSURANCE,0.00,0.00
59,1, MULTIRISK,12.40,2.43
60,0, NO_INSURANCE,0.00,0.00
61,1, CANCELLATION,5.27,1.05
62,0, NO_INSURANCE,0.00,0.00
63,0, NO_INSURANCE,0.00,0.00
64,0, NO_INSURANCE,0.00,0.00
65,1, CANCELLATION,11.59,2.32
66,0, NO_INSURANCE,0.00,0.00
67,0, NO_INSURANCE,0.00,0.00
68,0, NO_INSURANCE,0.00,0.00
69,0, NO_INSURANCE,0.00,0.00
70,1, CANCELLATION,9.01,1.80
71,0, NO_INSURANCE,0.00,0.00
72,1, CANCELLATION,15.16,3.03
73,1, CANCELLATION,11.58,2.32
74,0, NO_INSURANCE,0.00,0.00
75,1, CANCELLATION,10.13,2.03
76,1, CANCELLATION,12.65,2.53
77,0, NO_INSURANCE,0.00,0.00
78,0, NO_INSURANCE,0.00,0.00
79,0, NO_INSURANCE,0.00,0.00
80,0, NO_INSURANCE,0.00,0.00
81,0, NO_INSURANCE,0.00,0.00
82,0, NO_INSURANCE,0.00,0.00
83,0, NO_INSURANCE,0.00,0.00
84,0, NO_INSURANCE,0.00,0.00
85,0, NO_INSURANCE,0.00,0.00
86,0, NO_INSURANCE,0.00,0.00
87,0, NO_INSURANCE,0.00,0.00
88,0, NO_INSURANCE,0.00,0.00
89,0, NO_INSURANCE,0.00,0.00
90,0, NO_INSURANCE,0.00,0.00
91,0, NO_INSURANCE,0.00,0.00
92,0, NO_INSURANCE,0.00,0.00
93,0, NO_INSURANCE,0.00,0.00
94,1, CANCELLATION,8.33,1.67
95,1, CANCELLATION,10.42,2.08
96,0, NO_INSURANCE,0.00,0.00
97,1, CANCELLATION,6.01,1.20
98,1, CANCELLATION,4.63,0.93
99,1, MULTIRISK,12.11,2.39
100,1, MULTIRISK,18.32,3.17
101,0, NO_INSURANCE,0.00,0.00
102,0, NO_INSURANCE,0.00,0.00
103,0, NO_INSURANCE,0.00,0.00
104,0, NO_INSURANCE,0.00,0.00
105,1, CANCELLATION,8.59,1.72
106,1, MULTIRISK,15.94,2.87
107,1, CANCELLATION,1.54,0.31
108,0, NO_INSURANCE,0.00,0.00
109,0, NO_INSURANCE,0.00,0.00
110,0, NO_INSURANCE,0.00,0.00
111,1, MULTIRISK,4.98,1.50
112,0, NO_INSURANCE,0.00,0.00
113,0, NO_INSURANCE,0.00,0.00
114,0, NO_INSURANCE,0.00,0.00
115,0, NO_INSURANCE,0.00,0.00
116,0, NO_INSURANCE,0.00,0.00
117,0, NO_INSURANCE,0.00,0.00
118,0, NO_INSURANCE,0.00,0.00
119,0, NO_INSURANCE,0.00,0.00
120,1, MULTIRISK,12.54,2.44
121,0, NO_INSURANCE,0.00,0.00
122,0, NO_INSURANCE,0.00,0.00
123,0, NO_INSURANCE,0.00,0.00
124,1, CANCELLATION,11.79,2.36
125,0, NO_INSURANCE,0.00,0.00
126,0, NO_INSURANCE,0.00,0.00
127,0, NO_INSURANCE,0.00,0.00
128,0, NO_INSURANCE,0.00,0.00
129,1, MULTIRISK,23.52,3.82
130,0, NO_INSURANCE,0.00,0.00
131,1, CANCELLATION,8.79,1.76
132,1, CANCELLATION,16.50,3.30
133,0, NO_INSURANCE,0.00,0.00
134,1, MULTIRISK,14.59,2.70
135,0, NO_INSURANCE,0.00,0.00
136,1, MULTIRISK,12.70,2.46
137,0, NO_INSURANCE,0.00,0.00
138,0, NO_INSURANCE,0.00,0.00
139,0, NO_INSURANCE,0.00,0.00
140,0, NO_INSURANCE,0.00,0.00
141,1, MULTIRISK,11.63,2.33
142,0, NO_INSURANCE,0.00,0.00
143,0, NO_INSURANCE,0.00,0.00
144,0, NO_INSURANCE,0.00,0.00
145,1, CANCELLATION,12.08,2.42
146,1, CANCELLATION,5.81,1.16
147,1, CANCELLATION,7.59,1.52
148,1, MULTIRISK,13.72,2.59
149,0, NO_INSURANCE,0.00,0.00
150,0, NO_INSURANCE,0.00,0.00
151,0, NO_INSURANCE,0.00,0.00
152,0, NO_INSURANCE,0.00,0.00
153,0, NO_INSURANCE,0.00,0.00
154,0, NO_INSURANCE,0.00,0.00
155,0, NO_INSURANCE,0.00,0.00
156,0, NO_INSURANCE,0.00,0.00
157,1, CANCELLATION,16.14,3.23
158,0, NO_INSURANCE,0.00,0.00
159,0, NO_INSURANCE,0.00,0.00
160,1, CANCELLATION,11.53,2.31
161,0, NO_INSURANCE,0.00,0.00
162,0, NO_INSURANCE,0.00,0.00
163,0, NO_INSURANCE,0.00,0.00
164,0, NO_INSURANCE,0.00,0.00
165,0, NO_INSURANCE,0.00,0.00
166,0, NO_INSURANCE,0.00,0.00
167,0, NO_INSURANCE,0.00,0.00
168,0, NO_INSURANCE,0.00,0.00
169,0, NO_INSURANCE,0.00,0.00
170,0, NO_INSURANCE,0.00,0.00
171,0, NO_INSURANCE,0.00,0.00
172,1, MULTIRISK,11.18,2.27
173,0, NO_INSURANCE,0.00,0.00
174,0, NO_INSURANCE,0.00,0.00
175,0, NO_INSURANCE,0.00,0.00
176,0, NO_INSURANCE,0.00,0.00
177,0, NO_INSURANCE,0.00,0.00
178,0, NO_INSURANCE,0.00,0.00
179,1, CANCELLATION,8.04,1.61
180,0, NO_INSURANCE,0.00,0.00
181,0, NO_INSURANCE,0.00,0.00
182,0, NO_INSURANCE,0.00,0.00
183,0, NO_INSURANCE,0.00,0.00
184,0, NO_INSURANCE,0.00,0.00
185,0, NO_INSURANCE,0.00,0.00
186,1, MULTIRISK,15.90,2.86
187,0, NO_INSURANCE,0.00,0.00
188,0, NO_INSURANCE,0.00,0.00
189,0, NO_INSURANCE,0.00,0.00
190,1, MULTIRISK,5.72,1.59
191,1, CANCELLATION,14.71,2.94
192,0, NO_INSURANCE,0.00,0.00
193,0, NO_INSURANCE,0.00,0.00
194,1, CANCELLATION,6.17,1.23
195,1, CANCELLATION,7.84,1.57
196,0, NO_INSURANCE,0.00,0.00
197,0, NO_INSURANCE,0.00,0.00
198,1, CANCELLATION,5.76,1.15
199,0, NO_INSURANCE,0.00,0.00
200,1, MULTIRISK,19.67,3.33
201,1, MULTIRISK,17.86,3.11
202,0, NO_INSURANCE,0.00,0.00
203,0, NO_INSURANCE,0.00,0.00
204,0, NO_INSURANCE,0.00,0.00
205,1, CANCELLATION,14.47,2.89
206,0, NO_INSURANCE,0.00,0.00
207,0, NO_INSURANCE,0.00,0.00
208,0, NO_INSURANCE,0.00,0.00
209,0, NO_INSURANCE,0.00,0.00
210,1, CANCELLATION,5.67,1.13
211,0, NO_INSURANCE,0.00,0.00
212,0, NO_INSURANCE,0.00,0.00
213,0, NO_INSURANCE,0.00,0.00
214,0, NO_INSURANCE,0.00,0.00
215,0, NO_INSURANCE,0.00,0.00
216,1, MULTIRISK,14.53,2.69
217,0, NO_INSURANCE,0.00,0.00
218,0, NO_INSURANCE,0.00,0.00
219,0, NO_INSURANCE,0.00,0.00
220,1, MULTIRISK,7.16,1.77
221,0, NO_INSURANCE,0.00,0.00
222,0, NO_INSURANCE,0.00,0.00
223,0, NO_INSURANCE,0.00,0.00
224,0, NO_INSURANCE,0.00,0.00
225,0, NO_INSURANCE,0.00,0.00
226,0, NO_INSURANCE,0.00,0.00
227,1, MULTIRISK,10.60,2.20
228,0, NO_INSURANCE,0.00,0.00
229,0, NO_INSURANCE,0.00,0.00
230,0, NO_INSURANCE,0.00,0.00
231,1, MULTIRISK,9.31,2.04
232,0, NO_INSURANCE,0.00,0.00
233,0, NO_INSURANCE,0.00,0.00
234,0, NO_INSURANCE,0.00,0.00
235,0, NO_INSURANCE,0.00,0.00
236,1, CANCELLATION,16.17,3.23
237,0, NO_INSURANCE,0.00,0.00
238,0, NO_INSURANCE,0.00,0.00
239,1, MULTIRISK,16.45,2.93
240,0, NO_INSURANCE,0.00,0.00
241,1, MULTIRISK,26.93,4.24
242,0, NO_INSURANCE,0.00,0.00
243,0, NO_INSURANCE,0.00,0.00
244,0, NO_INSURANCE,0.00,0.00
245,0, NO_INSURANCE,0.00,0.00
246,0, NO_INSURANCE,0.00,0.00
247,0, NO_INSURANCE,0.00,0.00
248,0, NO_INSURANCE,0.00,0.00
249,0, NO_INSURANCE,0.00,0.00
250,1, CANCELLATION,7.24,1.45
251,1, CANCELLATION,3.72,0.74
252,0, NO_INSURANCE,0.00,0.00
253,0, NO_INSURANCE,0.00,0.00
254,0, NO_INSURANCE,0.00,0.00
255,0, NO_INSURANCE,0.00,0.00
256,0, NO_INSURANCE,0.00,0.00
257,0, NO_INSURANCE,0.00,0.00
258,0, NO_INSURANCE,0.00,0.00
259,0, NO_INSURANCE,0.00,0.00
260,0, NO_INSURANCE,0.00,0.00
261,0, NO_INSURANCE,0.00,0.00
262,1, MULTIRISK,9.02,2.00
263,0, NO_INSURANCE,0.00,0.00
264,0, NO_INSURANCE,0.00,0.00
265,0, NO_INSURANCE,0.00,0.00
266,0, NO_INSURANCE,0.00,0.00
267,1, MULTIRISK,3.57,1.32
268,0, NO_INSURANCE,0.00,0.00
269,1, CANCELLATION,4.11,0.82
270,1, CANCELLATION,4.99,1.00
271,0, NO_INSURANCE,0.00,0.00
272,0, NO_INSURANCE,0.00,0.00
273,0, NO_INSURANCE,0.00,0.00
274,0, NO_INSURANCE,0.00,0.00
275,0, NO_INSURANCE,0.00,0.00
276,1, MULTIRISK,7.75,1.84
277,0, NO_INSURANCE,0.00,0.00
278,0, NO_INSURANCE,0.00,0.00
279,0, NO_INSURANCE,0.00,0.00
280,0, NO_INSURANCE,0.00,0.00
281,0, NO_INSURANCE,0.00,0.00
282,0, NO_INSURANCE,0.00,0.00
283,0, NO_INSURANCE,0.00,0.00
284,0, NO_INSURANCE,0.00,0.00
285,0, NO_INSURANCE,0.00,0.00
286,0, NO_INSURANCE,0.00,0.00
287,0, NO_INSURANCE,0.00,0.00
288,0, NO_INSURANCE,0.00,0.00
289,0, NO_INSURANCE,0.00,0.00
290,0, NO_INSURANCE,0.00,0.00
291,0, NO_INSURANCE,0.00,0.00
292,1, MULTIRISK,4.92,1.49
293,1, CANCELLATION,11.21,2.24
294,0, NO_INSURANCE,0.00,0.00
295,0, NO_INSURANCE,0.00,0.00
296,0, NO_INSURANCE,0.00,0.00
297,1, CANCELLATION,6.53,1.31
298,0, NO_INSURANCE,0.00,0.00
299,0, NO_INSURANCE,0.00,0.00
300,0, NO_INSURANCE,0.00,0.00
301,1, MULTIRISK,6.33,1.67
302,1, CANCELLATION,14.66,2.93
303,0, NO_INSURANCE,0.00,0.00
304,0, NO_INSURANCE,0.00,0.00
305,0, NO_INSURANCE,0.00,0.00
306,0, NO_INSURANCE,0.00,0.00
307,0, NO_INSURANCE,0.00,0.00
308,0, NO_INSURANCE,0.00,0.00
309,0, NO_INSURANCE,0.00,0.00
310,0, NO_INSURANCE,0.00,0.00
311,1, MULTIRISK,17.60,3.08
312,0, NO_INSURANCE,0.00,0.00
313,0, NO_INSURANCE,0.00,0.00
314,1, MULTIRISK,17.15,3.02
315,1, MULTIRISK,18.87,3.23
316,0, NO_INSURANCE,0.00,0.00
317,1, CANCELLATION,7.05,1.41
318,0, NO_INSURANCE,0.00,0.00
319,0, NO_INSURANCE,0.00,0.00
320,1, CANCELLATION,10.99,2.20
321,0, NO_INSURANCE,0.00,0.00
322,0, NO_INSURANCE,0.00,0.00
323,1, CANCELLATION,11.56,2.31
324,0, NO_INSURANCE,0.00,0.00
325,0, NO_INSURANCE,0.00,0.00
326,1, CANCELLATION,5.93,1.19
327,0, NO_INSURANCE,0.00,0.00
328,0, NO_INSURANCE,0.00,0.00
329,1, CANCELLATION,12.29,2.46
330,0, NO_INSURANCE,0.00,0.00
331,0, NO_INSURANCE,0.00,0.00
332,0, NO_INSURANCE,0.00,0.00
333,0, NO_INSURANCE,0.00,0.00
334,1, CANCELLATION,8.68,1.74
335,1, CANCELLATION,10.96,2.19
336,0, NO_INSURANCE,0.00,0.00
337,1, CANCELLATION,4.92,0.98
338,0, NO_INSURANCE,0.00,0.00
339,1, MULTIRISK,11.83,2.35
340,0, NO_INSURANCE,0.00,0.00
341,0, NO_INSURANCE,0.00,0.00
342,0, NO_INSURANCE,0.00,0.00
343,1, MULTIRISK,6.68,1.71
344,0, NO_INSURANCE,0.00,0.00
345,0, NO_INSURANCE,0.00,0.00
346,1, CANCELLATION,3.33,0.67
347,0, NO_INSURANCE,0.00,0.00
348,0, NO_INSURANCE,0.00,0.00
349,0, NO_INSURANCE,0.00,0.00
350,0, NO_INSURANCE,0.00,0.00
351,0, NO_INSURANCE,0.00,0.00
352,0, NO_INSURANCE,0.00,0.00
353,0, NO_INSURANCE,0.00,0.00
354,1, CANCELLATION,16.58,3.32
355,0, NO_INSURANCE,0.00,0.00
356,0, NO_INSURANCE,0.00,0.00
357,1, MULTIRISK,6.93,1.74
358,0, NO_INSURANCE,0.00,0.00
359,1, MULTIRISK,19.95,3.37
360,0, NO_INSURANCE,0.00,0.00
361,0, NO_INSURANCE,0.00,0.00
362,0, NO_INSURANCE,0.00,0.00
363,0, NO_INSURANCE,0.00,0.00
364,0, NO_INSURANCE,0.00,0.00
365,0, NO_INSURANCE,0.00,0.00
366,1, CANCELLATION,13.52,2.70
367,0, NO_INSURANCE,0.00,0.00
368,0, NO_INSURANCE,0.00,0.00
369,0, NO_INSURANCE,0.00,0.00
370,0, NO_INSURANCE,0.00,0.00
371,0, NO_INSURANCE,0.00,0.00
372,0, NO_INSURANCE,0.00,0.00
373,0, NO_INSURANCE,0.00,0.00
374,0, NO_INSURANCE,0.00,0.00
375,0, NO_INSURANCE,0.00,0.00
376,0, NO_INSURANCE,0.00,0.00
377,0, NO_INSURANCE,0.00,0.00
378,0, NO_INSURANCE,0.00,0.00
379,0, NO_INSURANCE,0.00,0.00
380,0, NO_INSURANCE,0.00,0.00
381,0, NO_INSURANCE,0.00,0.00
382,0, NO_INSURANCE,0.00,0.00
383,0, NO_INSURANCE,0.00,0.00
384,1, CANCELLATION,12.34,2.47
385,1, MULTIRISK,16.70,2.96
386,1, CANCELLATION,15.18,3.04
387,1, CANCELLATION,16.32,3.26
388,0, NO_INSURANCE,0.00,0.00
389,0, NO_INSURANCE,0.00,0.00
390,0, NO_INSURANCE,0.00,0.00
391,0, NO_INSURANCE,0.00,0.00
392,1, CANCELLATION,10.64,2.13
393,0, NO_INSURANCE,0.00,0.00
394,0, NO_INSURANCE,0.00,0.00
395,1, CANCELLATION,3.27,0.65
396,0, NO_INSURANCE,0.00,0.00
397,0, NO_INSURANCE,0.00,0.00
398,1, CANCELLATION,7.07,1.41
399,1, CANCELLATION,7.94,1.59
400,0, NO_INSURANCE,0.00,0.00
401,0, NO_INSURANCE,0.00,0.00
402,1, MULTIRISK,21.83,3.60
403,0, NO_INSURANCE,0.00,0.00
404,0, NO_INSURANCE,0.00,0.00
405,0, NO_INSURANCE,0.00,0.00
406,0, NO_INSURANCE,0.00,0.00
407,0, NO_INSURANCE,0.00,0.00
408,0, NO_INSURANCE,0.00,0.00
409,0, NO_INSURANCE,0.00,0.00
410,0, NO_INSURANCE,0.00,0.00
411,0, NO_INSURANCE,0.00,0.00
412,0, NO_INSURANCE,0.00,0.00
413,1, MULTIRISK,9.10,2.01
414,0, NO_INSURANCE,0.00,0.00
415,0, NO_INSURANCE,0.00,0.00
416,0, NO_INSURANCE,0.00,0.00
417,1, CANCELLATION,1.00,0.20
418,1, MULTIRISK,22.02,3.63
419,0, NO_INSURANCE,0.00,0.00
420,1, CANCELLATION,7.95,1.59
421,0, NO_INSURANCE,0.00,0.00
422,0, NO_INSURANCE,0.00,0.00
423,1, MULTIRISK,10.53,2.19
424,0, NO_INSURANCE,0.00,0.00
425,0, NO_INSURANCE,0.00,0.00
426,1, MULTIRISK,7.78,1.85
427,0, NO_INSURANCE,0.00,0.00
428,0, NO_INSURANCE,0.00,0.00
429,0, NO_INSURANCE,0.00,0.00
430,0, NO_INSURANCE,0.00,0.00
431,0, NO_INSURANCE,0.00,0.00
432,0, NO_INSURANCE,0.00,0.00
433,0, NO_INSURANCE,0.00,0.00
434,0, NO_INSURANCE,0.00,0.00
435,0, NO_INSURANCE,0.00,0.00
436,1, CANCELLATION,11.43,2.29
437,0, NO_INSURANCE,0.00,0.00
438,1, CANCELLATION,15.65,3.13
439,1, CANCELLATION,7.62,1.52
440,0, NO_INSURANCE,0.00,0.00
441,0, NO_INSURANCE,0.00,0.00
442,0, NO_INSURANCE,0.00,0.00
443,0, NO_INSURANCE,0.00,0.00
444,0, NO_INSURANCE,0.00,0.00
445,0, NO_INSURANCE,0.00,0.00
446,1, CANCELLATION,9.51,1.90
447,0, NO_INSURANCE,0.00,0.00
448,0, NO_INSURANCE,0.00,0.00
449,0, NO_INSURANCE,0.00,0.00
450,1, CANCELLATION,10.65,2.13
451,1, MULTIRISK,8.67,1.96
452,0, NO_INSURANCE,0.00,0.00
453,0, NO_INSURANCE,0.00,0.00
454,0, NO_INSURANCE,0.00,0.00
455,0, NO_INSURANCE,0.00,0.00
456,0, NO_INSURANCE,0.00,0.00
457,0, NO_INSURANCE,0.00,0.00
458,1, CANCELLATION,1.96,0.39
459,0, NO_INSURANCE,0.00,0.00
460,0, NO_INSURANCE,0.00,0.00
461,0, NO_INSURANCE,0.00,0.00
462,0, NO_INSURANCE,0.00,0.00
463,0, NO_INSURANCE,0.00,0.00
464,0, NO_INSURANCE,0.00,0.00
465,0, NO_INSURANCE,0.00,0.00
466,0, NO_INSURANCE,0.00,0.00
467,0, NO_INSURANCE,0.00,0.00
468,1, MULTIRISK,7.63,1.83
469,0, NO_INSURANCE,0.00,0.00
470,0, NO_INSURANCE,0.00,0.00
471,0, NO_INSURANCE,0.00,0.00
472,0, NO_INSURANCE,0.00,0.00
473,1, CANCELLATION,16.91,3.38
474,0, NO_INSURANCE,0.00,0.00
475,0, NO_INSURANCE,0.00,0.00
476,1, CANCELLATION,1.95,0.39
477,1, CANCELLATION,4.13,0.83
478,0, NO_INSURANCE,0.00,0.00
479,1, MULTIRISK,23.72,3.84
480,0, NO_INSURANCE,0.00,0.00
481,0, NO_INSURANCE,0.00,0.00
482,1, CANCELLATION,3.68,0.74
483,0, NO_INSURANCE,0.00,0.00
484,0, NO_INSURANCE,0.00,0.00
485,0, NO_INSURANCE,0.00,0.00
486,0, NO_INSURANCE,0.00,0.00
487,0, NO_INSURANCE,0.00,0.00
488,0, NO_INSURANCE,0.00,0.00
489,0, NO_INSURANCE,0.00,0.00
490,0, NO_INSURANCE,0.00,0.00
491,0, NO_INSURANCE,0.00,0.00
492,1, CANCELLATION,13.61,2.72
493,0, NO_INSURANCE,0.00,0.00
494,1, CANCELLATION,11.29,2.26
495,0, NO_INSURANCE,0.00,0.00
496,1, CANCELLATION,10.33,2.07
497,1, MULTIRISK,21.77,3.60
498,0, NO_INSURANCE,0.00,0.00
499,0, NO_INSURANCE,0.00,0.00
500,0, NO_INSURANCE,0.00,0.00
501,1, MULTIRISK,10.89,2.24
502,0, NO_INSURANCE,0.00,0.00
503,0, NO_INSURANCE,0.00,0.00
504,0, NO_INSURANCE,0.00,0.00
505,0, NO_INSURANCE,0.00,0.00
506,1, MULTIRISK,23.94,3.87
507,0, NO_INSURANCE,0.00,0.00
508,0, NO_INSURANCE,0.00,0.00
509,0, NO_INSURANCE,0.00,0.00
510,0, NO_INSURANCE,0.00,0.00
511,1, CANCELLATION,13.42,2.68
512,1, MULTIRISK,20.47,3.43
513,0, NO_INSURANCE,0.00,0.00
514,0, NO_INSURANCE,0.00,0.00
515,0, NO_INSURANCE,0.00,0.00
516,0, NO_INSURANCE,0.00,0.00
517,0, NO_INSURANCE,0.00,0.00
518,0, NO_INSURANCE,0.00,0.00
519,1, MULTIRISK,27.30,4.29
520,0, NO_INSURANCE,0.00,0.00
521,0, NO_INSURANCE,0.00,0.00
522,0, NO_INSURANCE,0.00,0.00
523,0, NO_INSURANCE,0.00,0.00
524,1, CANCELLATION,4.81,0.96
525,1, MULTIRISK,20.18,3.40
526,0, NO_INSURANCE,0.00,0.00
527,0, NO_INSURANCE,0.00,0.00
528,0, NO_INSURANCE,0.00,0.00
529,0, NO_INSURANCE,0.00,0.00
530,0, NO_INSURANCE,0.00,0.00
531,0, NO_INSURANCE,0.00,0.00
532,1, CANCELLATION,15.88,3.18
533,0, NO_INSURANCE,0.00,0.00
534,1, MULTIRISK,7.51,1.81
535,0, NO_INSURANCE,0.00,0.00
536,0, NO_INSURANCE,0.00,0.00
537,0, NO_INSURANCE,0.00,0.00
538,0, NO_INSURANCE,0.00,0.00
539,0, NO_INSURANCE,0.00,0.00
540,0, NO_INSURANCE,0.00,0.00
541,0, NO_INSURANCE,0.00,0.00
542,1, MULTIRISK,22.01,3.63
543,0, NO_INSURANCE,0.00,0.00
544,1, CANCELLATION,4.35,0.87
545,0, NO_INSURANCE,0.00,0.00
546,0, NO_INSURANCE,0.00,0.00
547,0, NO_INSURANCE,0.00,0.00
548,1, MULTIRISK,6.85,1.73
549,1, MULTIRISK,4.85,1.48
550,0, NO_INSURANCE,0.00,0.00
551,0, NO_INSURANCE,0.00,0.00
552,1, CANCELLATION,5.26,1.05
553,1, CANCELLATION,6.53,1.31
554,1, CANCELLATION,12.23,2.45
555,0, NO_INSURANCE,0.00,0.00
556,1, MULTIRISK,10.05,2.13
557,1, MULTIRISK,21.81,3.60
558,1, MULTIRISK,7.81,1.85
559,0, NO_INSURANCE,0.00,0.00
560,1, MULTIRISK,9.58,2.07
561,1, CANCELLATION,12.40,2.48
562,0, NO_INSURANCE,0.00,0.00
563,0, NO_INSURANCE,0.00,0.00
564,0, NO_INSURANCE,0.00,0.00
565,0, NO_INSURANCE,0.00,0.00
566,0, NO_INSURANCE,0.00,0.00
567,0, NO_INSURANCE,0.00,0.00
568,1, CANCELLATION,16.62,3.32
569,0, NO_INSURANCE,0.00,0.00
570,1, MULTIRISK,22.80,3.73
571,0, NO_INSURANCE,0.00,0.00
572,0, NO_INSURANCE,0.00,0.00
573,0, NO_INSURANCE,0.00,0.00
574,0, NO_INSURANCE,0.00,0.00
575,0, NO_INSURANCE,0.00,0.00
576,0, NO_INSURANCE,0.00,0.00
577,0, NO_INSURANCE,0.00,0.00
578,0, NO_INSURANCE,0.00,0.00
579,0, NO_INSURANCE,0.00,0.00
580,0, NO_INSURANCE,0.00,0.00
581,0, NO_INSURANCE,0.00,0.00
582,0, NO_INSURANCE,0.00,0.00
583,0, NO_INSURANCE,0.00,0.00
584,1, CANCELLATION,8.08,1.62
585,0, NO_INSURANCE,0.00,0.00
586,0, NO_INSURANCE,0.00,0.00
587,0, NO_INSURANCE,0.00,0.00
588,1, CANCELLATION,13.28,2.66
589,0, NO_INSURANCE,0.00,0.00
590,1, CANCELLATION,5.48,1.10
591,0, NO_INSURANCE,0.00,0.00
592,0, NO_INSURANCE,0.00,0.00
593,0, NO_INSURANCE,0.00,0.00
594,0, NO_INSURANCE,0.00,0.00
595,1, CANCELLATION,10.54,2.11
596,1, CANCELLATION,7.09,1.42
597,0, NO_INSURANCE,0.00,0.00
598,0, NO_INSURANCE,0.00,0.00
599,0, NO_INSURANCE,0.00,0.00
600,0, NO_INSURANCE,0.00,0.00
601,1, CANCELLATION,3.10,0.62
602,0, NO_INSURANCE,0.00,0.00
603,0, NO_INSURANCE,0.00,0.00
604,0, NO_INSURANCE,0.00,0.00
605,0, NO_INSURANCE,0.00,0.00
606,0, NO_INSURANCE,0.00,0.00
607,0, NO_INSURANCE,0.00,0.00
608,0, NO_INSURANCE,0.00,0.00
609,0, NO_INSURANCE,0.00,0.00
610,1, MULTIRISK,12.84,2.48
611,0, NO_INSURANCE,0.00,0.00
612,0, NO_INSURANCE,0.00,0.00
613,0, NO_INSURANCE,0.00,0.00
614,0, NO_INSURANCE,0.00,0.00
615,0, NO_INSURANCE,0.00,0.00
616,0, NO_INSURANCE,0.00,0.00
617,0, NO_INSURANCE,0.00,0.00
618,0, NO_INSURANCE,0.00,0.00
619,0, NO_INSURANCE,0.00,0.00
620,1, CANCELLATION,9.41,1.88
621,0, NO_INSURANCE,0.00,0.00
622,0, NO_INSURANCE,0.00,0.00
623,0, NO_INSURANCE,0.00,0.00
624,1, CANCELLATION,10.90,2.18
625,0, NO_INSURANCE,0.00,0.00
626,0, NO_INSURANCE,0.00,0.00
627,0, NO_INSURANCE,0.00,0.00
628,0, NO_INSURANCE,0.00,0.00
629,0, NO_INSURANCE,0.00,0.00
630,0, NO_INSURANCE,0.00,0.00
631,1, CANCELLATION,4.17,0.83
632,0, NO_INSURANCE,0.00,0.00
633,0, NO_INSURANCE,0.00,0.00
634,0, NO_INSURANCE,0.00,0.00
635,0, NO_INSURANCE,0.00,0.00
636,1, CANCELLATION,11.19,2.24
637,0, NO_INSURANCE,0.00,0.00
638,0, NO_INSURANCE,0.00,0.00
639,0, NO_INSURANCE,0.00,0.00
640,0, NO_INSURANCE,0.00,0.00
641,0, NO_INSURANCE,0.00,0.00
642,0, NO_INSURANCE,0.00,0.00
643,1, MULTIRISK,7.87,1.86
644,0, NO_INSURANCE,0.00,0.00
645,0, NO_INSURANCE,0.00,0.00
646,0, NO_INSURANCE,0.00,0.00
647,0, NO_INSURANCE,0.00,0.00
648,0, NO_INSURANCE,0.00,0.00
649,0, NO_INSURANCE,0.00,0.00
650,0, NO_INSURANCE,0.00,0.00
651,0, NO_INSURANCE,0.00,0.00
652,0, NO_INSURANCE,0.00,0.00
653,0, NO_INSURANCE,0.00,0.00
654,0, NO_INSURANCE,0.00,0.00
655,0, NO_INSURANCE,0.00,0.00
656,0, NO_INSURANCE,0.00,0.00
657,0, NO_INSURANCE,0.00,0.00
658,0, NO_INSURANCE,0.00,0.00
659,1, CANCELLATION,14.55,2.91
660,0, NO_INSURANCE,0.00,0.00
661,0, NO_INSURANCE,0.00,0.00
662,0, NO_INSURANCE,0.00,0.00
663,0, NO_INSURANCE,0.00,0.00
664,0, NO_INSURANCE,0.00,0.00
665,0, NO_INSURANCE,0.00,0.00
666,1, MULTIRISK,22.07,3.63
667,1, CANCELLATION,6.26,1.25
668,1, CANCELLATION,2.21,0.44
669,1, CANCELLATION,2.68,0.54
670,0, NO_INSURANCE,0.00,0.00
671,0, NO_INSURANCE,0.00,0.00
672,0, NO_INSURANCE,0.00,0.00
673,0, NO_INSURANCE,0.00,0.00
674,0, NO_INSURANCE,0.00,0.00
675,0, NO_INSURANCE,0.00,0.00
676,1, CANCELLATION,13.69,2.74
677,0, NO_INSURANCE,0.00,0.00
678,1, MULTIRISK,21.63,3.58
679,0, NO_INSURANCE,0.00,0.00
680,0, NO_INSURANCE,0.00,0.00
681,0, NO_INSURANCE,0.00,0.00
682,1, CANCELLATION,10.24,2.05
683,1, CANCELLATION,2.88,0.58
684,0, NO_INSURANCE,0.00,0.00
685,0, NO_INSURANCE,0.00,0.00
686,0, NO_INSURANCE,0.00,0.00
687,0, NO_INSURANCE,0.00,0.00
688,0, NO_INSURANCE,0.00,0.00
689,0, NO_INSURANCE,0.00,0.00
690,0, NO_INSURANCE,0.00,0.00
691,1, MULTIRISK,26.78,4.22
692,0, NO_INSURANCE,0.00,0.00
693,0, NO_INSURANCE,0.00,0.00
694,1, CANCELLATION,7.38,1.48
695,0, NO_INSURANCE,0.00,0.00
696,0, NO_INSURANCE,0.00,0.00
697,0, NO_INSURANCE,0.00,0.00
698,0, NO_INSURANCE,0.00,0.00
699,0, NO_INSURANCE,0.00,0.00
700,0, NO_INSURANCE,0.00,0.00
701,1, CANCELLATION,1.86,0.37
702,0, NO_INSURANCE,0.00,0.00
703,0, NO_INSURANCE,0.00,0.00
704,0, NO_INSURANCE,0.00,0.00
705,0, NO_INSURANCE,0.00,0.00
706,0, NO_INSURANCE,0.00,0.00
707,1, CANCELLATION,10.32,2.06
708,0, NO_INSURANCE,0.00,0.00
709,0, NO_INSURANCE,0.00,0.00
710,0, NO_INSURANCE,0.00,0.00
711,0, NO_INSURANCE,0.00,0.00
712,1, MULTIRISK,5.01,1.50
713,0, NO_INSURANCE,0.00,0.00
714,0, NO_INSURANCE,0.00,0.00
715,1, MULTIRISK,15.91,2.86
716,0, NO_INSURANCE,0.00,0.00
717,1, MULTIRISK,14.20,2.65
718,0, NO_INSURANCE,0.00,0.00
719,0, NO_INSURANCE,0.00,0.00
720,0, NO_INSURANCE,0.00,0.00
721,0, NO_INSURANCE,0.00,0.00
722,0, NO_INSURANCE,0.00,0.00
723,1, CANCELLATION,7.38,1.48
724,0, NO_INSURANCE,0.00,0.00
725,1, MULTIRISK,14.14,2.64
726,0, NO_INSURANCE,0.00,0.00
727,0, NO_INSURANCE,0.00,0.00
728,1, CANCELLATION,8.96,1.79
729,0, NO_INSURANCE,0.00,0.00
730,0, NO_INSURANCE,0.00,0.00
731,0, NO_INSURANCE,0.00,0.00
732,1, CANCELLATION,7.03,1.41
733,1, CANCELLATION,2.95,0.59
734,0, NO_INSURANCE,0.00,0.00
735,0, NO_INSURANCE,0.00,0.00
736,0, NO_INSURANCE,0.00,0.00
737,1, MULTIRISK,11.01,2.25
738,0, NO_INSURANCE,0.00,0.00
739,0, NO_INSURANCE,0.00,0.00
740,0, NO_INSURANCE,0.00,0.00
741,0, NO_INSURANCE,0.00,0.00
742,1, MULTIRISK,18.37,3.17
743,1, CANCELLATION,7.08,1.42
744,0, NO_INSURANCE,0.00,0.00
745,0, NO_INSURANCE,0.00,0.00
746,0, NO_INSURANCE,0.00,0.00
747,0, NO_INSURANCE,0.00,0.00
748,0, NO_INSURANCE,0.00,0.00
749,1, CANCELLATION,7.20,1.44
750,0, NO_INSURANCE,0.00,0.00
751,0, NO_INSURANCE,0.00,0.00
752,0, NO_INSURANCE,0.00,0.00
753,0, NO_INSURANCE,0.00,0.00
754,0, NO_INSURANCE,0.00,0.00
755,0, NO_INSURANCE,0.00,0.00
756,0, NO_INSURANCE,0.00,0.00
757,1, MULTIRISK,4.49,1.44
758,0, NO_INSURANCE,0.00,0.00
759,0, NO_INSURANCE,0.00,0.00
760,0, NO_INSURANCE,0.00,0.00
761,1, CANCELLATION,2.54,0.51
762,0, NO_INSURANCE,0.00,0.00
763,0, NO_INSURANCE,0.00,0.00
764,1, MULTIRISK,8.90,1.99
765,1, CANCELLATION,9.03,1.81
766,0, NO_INSURANCE,0.00,0.00
767,0, NO_INSURANCE,0.00,0.00
768,0, NO_INSURANCE,0.00,0.00
769,0, NO_INSURANCE,0.00,0.00
770,0, NO_INSURANCE,0.00,0.00
771,0, NO_INSURANCE,0.00,0.00
772,0, NO_INSURANCE,0.00,0.00
773,0, NO_INSURANCE,0.00,0.00
774,1, MULTIRISK,26.44,4.18
775,0, NO_INSURANCE,0.00,0.00
776,0, NO_INSURANCE,0.00,0.00
777,0, NO_INSURANCE,0.00,0.00
778,0, NO_INSURANCE,0.00,0.00
779,0, NO_INSURANCE,0.00,0.00
780,0, NO_INSURANCE,0.00,0.00
781,0, NO_INSURANCE,0.00,0.00
782,0, NO_INSURANCE,0.00,0.00
783,0, NO_INSURANCE,0.00,0.00
784,0, NO_INSURANCE,0.00,0.00
785,0, NO_INSURANCE,0.00,0.00
786,0, NO_INSURANCE,0.00,0.00
787,0, NO_INSURANCE,0.00,0.00
788,1, MULTIRISK,16.85,2.98
789,0, NO_INSURANCE,0.00,0.00
790,0, NO_INSURANCE,0.00,0.00
791,0, NO_INSURANCE,0.00,0.00
792,0, NO_INSURANCE,0.00,0.00
793,0, NO_INSURANCE,0.00,0.00
794,1, MULTIRISK,22.68,3.71
795,0, NO_INSURANCE,0.00,0.00
796,1, CANCELLATION,11.08,2.22
797,0, NO_INSURANCE,0.00,0.00
798,1, CANCELLATION,8.51,1.70
799,0, NO_INSURANCE,0.00,0.00
800,0, NO_INSURANCE,0.00,0.00
801,0, NO_INSURANCE,0.00,0.00
802,1, CANCELLATION,2.21,0.44
803,0, NO_INSURANCE,0.00,0.00
804,0, NO_INSURANCE,0.00,0.00
805,0, NO_INSURANCE,0.00,0.00
806,0, NO_INSURANCE,0.00,0.00
807,0, NO_INSURANCE,0.00,0.00
808,1, MULTIRISK,12.27,2.41
809,1, CANCELLATION,10.29,2.06
810,1, CANCELLATION,11.02,2.20
811,0, NO_INSURANCE,0.00,0.00
812,0, NO_INSURANCE,0.00,0.00
813,0, NO_INSURANCE,0.00,0.00
814,0, NO_INSURANCE,0.00,0.00
815,0, NO_INSURANCE,0.00,0.00
816,1, MULTIRISK,4.80,1.47
817,0, NO_INSURANCE,0.00,0.00
818,0, NO_INSURANCE,0.00,0.00
819,0, NO_INSURANCE,0.00,0.00
820,0, NO_INSURANCE,0.00,0.00
821,1, CANCELLATION,5.42,1.08
822,0, NO_INSURANCE,0.00,0.00
823,0, NO_INSURANCE,0.00,0.00
824,1, MULTIRISK,17.44,3.05
825,0, NO_INSURANCE,0.00,0.00
826,1, CANCELLATION,14.93,2.99
827,1, MULTIRISK,18.21,3.15
828,1, CANCELLATION,10.07,2.01
829,1, CANCELLATION,1.77,0.35
830,0, NO_INSURANCE,0.00,0.00
831,0, NO_INSURANCE,0.00,0.00
832,0, NO_INSURANCE,0.00,0.00
833,0, NO_INSURANCE,0.00,0.00
834,1, CANCELLATION,3.80,0.76
835,1, MULTIRISK,12.85,2.48
836,0, NO_INSURANCE,0.00,0.00
837,0, NO_INSURANCE,0.00,0.00
838,0, NO_INSURANCE,0.00,0.00
839,0, NO_INSURANCE,0.00,0.00
840,1, CANCELLATION,3.06,0.61
841,0, NO_INSURANCE,0.00,0.00
842,0, NO_INSURANCE,0.00,0.00
843,0, NO_INSURANCE,0.00,0.00
844,0, NO_INSURANCE,0.00,0.00
845,0, NO_INSURANCE,0.00,0.00
846,1, CANCELLATION,10.79,2.16
847,0, NO_INSURANCE,0.00,0.00
848,0, NO_INSURANCE,0.00,0.00
849,0, NO_INSURANCE,0.00,0.00
850,0, NO_INSURANCE,0.00,0.00
851,1, CANCELLATION,2.35,0.47
852,0, NO_INSURANCE,0.00,0.00
853,0, NO_INSURANCE,0.00,0.00
854,0, NO_INSURANCE,0.00,0.00
855,0, NO_INSURANCE,0.00,0.00
856,1, CANCELLATION,10.95,2.19
857,0, NO_INSURANCE,0.00,0.00
858,0, NO_INSURANCE,0.00,0.00
859,0, NO_INSURANCE,0.00,0.00
860,0, NO_INSURANCE,0.00,0.00
861,1, CANCELLATION,15.84,3.17
862,0, NO_INSURANCE,0.00,0.00
863,0, NO_INSURANCE,0.00,0.00
864,0, NO_INSURANCE,0.00,0.00
865,0, NO_INSURANCE,0.00,0.00
866,0, NO_INSURANCE,0.00,0.00
867,0, NO_INSURANCE,0.00,0.00
868,0, NO_INSURANCE,0.00,0.00
869,0, NO_INSURANCE,0.00,0.00
870,1, MULTIRISK,25.55,4.07
871,0, NO_INSURANCE,0.00,0.00
872,0, NO_INSURANCE,0.00,0.00
873,0, NO_INSURANCE,0.00,0.00
874,0, NO_INSURANCE,0.00,0.00
875,0, NO_INSURANCE,0.00,0.00
876,0, NO_INSURANCE,0.00,0.00
877,0, NO_INSURANCE,0.00,0.00
878,0, NO_INSURANCE,0.00,0.00
879,0, NO_INSURANCE,0.00,0.00
880,0, NO_INSURANCE,0.00,0.00
881,0, NO_INSURANCE,0.00,0.00
882,0, NO_INSURANCE,0.00,0.00
883,0, NO_INSURANCE,0.00,0.00
884,1, MULTIRISK,8.84,1.98
885,0, NO_INSURANCE,0.00,0.00
886,0, NO_INSURANCE,0.00,0.00
887,0, NO_INSURANCE,0.00,0.00
888,0, NO_INSURANCE,0.00,0.00
889,1, CANCELLATION,7.73,1.55
890,0, NO_INSURANCE,0.00,0.00
891,0, NO_INSURANCE,0.00,0.00
892,0, NO_INSURANCE,0.00,0.00
893,0, NO_INSURANCE,0.00,0.00
894,1, MULTIRISK,21.23,3.53
895,0, NO_INSURANCE,0.00,0.00
896,1, MULTIRISK,5.49,1.56
897,0, NO_INSURANCE,0.00,0.00
898,0, NO_INSURANCE,0.00,0.00
899,0, NO_INSURANCE,0.00,0.00
900,1, CANCELLATION,1.81,0.36
901,1, MULTIRISK,8.71,1.96
902,1, MULTIRISK,4.77,1.47
903,0, NO_INSURANCE,0.00,0.00
904,0, NO_INSURANCE,0.00,0.00
905,1, CANCELLATION,7.06,1.41
906,1, CANCELLATION,13.12,2.62
907,0, NO_INSURANCE,0.00,0.00
908,1, MULTIRISK,25.97,4.12
909,0, NO_INSURANCE,0.00,0.00
910,0, NO_INSURANCE,0.00,0.00
911,1, MULTIRISK,9.34,2.04
912,0, NO_INSURANCE,0.00,0.00
913,0, NO_INSURANCE,0.00,0.00
914,1, MULTIRISK,10.63,2.20
915,0, NO_INSURANCE,0.00,0.00
916,0, NO_INSURANCE,0.00,0.00
917,0, NO_INSURANCE,0.00,0.00
918,0, NO_INSURANCE,0.00,0.00
919,0, NO_INSURANCE,0.00,0.00
920,0, NO_INSURANCE,0.00,0.00
921,0, NO_INSURANCE,0.00,0.00
922,1, MULTIRISK,23.77,3.85
923,0, NO_INSURANCE,0.00,0.00
924,0, NO_INSURANCE,0.00,0.00
925,1, CANCELLATION,14.80,2.96
926,0, NO_INSURANCE,0.00,0.00
927,0, NO_INSURANCE,0.00,0.00
928,0, NO_INSURANCE,0.00,0.00
929,0, NO_INSURANCE,0.00,0.00
930,0, NO_INSURANCE,0.00,0.00
931,0, NO_INSURANCE,0.00,0.00
932,0, NO_INSURANCE,0.00,0.00
933,1, MULTIRISK,8.99,2.00
934,0, NO_INSURANCE,0.00,0.00
935,0, NO_INSURANCE,0.00,0.00
936,1, CANCELLATION,6.31,1.26
937,0, NO_INSURANCE,0.00,0.00
938,0, NO_INSURANCE,0.00,0.00
939,0, NO_INSURANCE,0.00,0.00
940,0, NO_INSURANCE,0.00,0.00
941,1, MULTIRISK,16.98,3.00
942,1, CANCELLATION,8.92,1.78
943,0, NO_INSURANCE,0.00,0.00
944,0, NO_INSURANCE,0.00,0.00
945,0, NO_INSURANCE,0.00,0.00
946,0, NO_INSURANCE,0.00,0.00
947,0, NO_INSURANCE,0.00,0.00
948,0, NO_INSURANCE,0.00,0.00
949,0, NO_INSURANCE,0.00,0.00
950,1, CANCELLATION,12.05,2.41
951,0, NO_INSURANCE,0.00,0.00
952,1, MULTIRISK,19.07,3.26
953,0, NO_INSURANCE,0.00,0.00
954,1, CANCELLATION,7.40,1.48
955,0, NO_INSURANCE,0.00,0.00
956,0, NO_INSURANCE,0.00,0.00
957,0, NO_INSURANCE,0.00,0.00
958,0, NO_INSURANCE,0.00,0.00
959,0, NO_INSURANCE,0.00,0.00
960,0, NO_INSURANCE,0.00,0.00
961,0, NO_INSURANCE,0.00,0.00
962,0, NO_INSURANCE,0.00,0.00
963,0, NO_INSURANCE,0.00,0.00
964,0, NO_INSURANCE,0.00,0.00
965,0, NO_INSURANCE,0.00,0.00
966,1, CANCELLATION,9.25,1.85
967,1, MULTIRISK,9.56,2.07
968,1, CANCELLATION,3.39,0.68
969,0, NO_INSURANCE,0.00,0.00
970,0, NO_INSURANCE,0.00,0.00
971,0, NO_INSURANCE,0.00,0.00
972,0, NO_INSURANCE,0.00,0.00
973,0, NO_INSURANCE,0.00,0.00
974,0, NO_INSURANCE,0.00,0.00
975,0, NO_INSURANCE,0.00,0.00
976,0, NO_INSURANCE,0.00,0.00
977,1, MULTIRISK,17.96,3.12
978,0, NO_INSURANCE,0.00,0.00
979,1, CANCELLATION,5.98,1.20
980,1, MULTIRISK,4.47,1.43
981,0, NO_INSURANCE,0.00,0.00
982,0, NO_INSURANCE,0.00,0.00
983,0, NO_INSURANCE,0.00,0.00
984,0, NO_INSURANCE,0.00,0.00
985,0, NO_INSURANCE,0.00,0.00
986,0, NO_INSURANCE,0.00,0.00
987,0, NO_INSURANCE,0.00,0.00
988,0, NO_INSURANCE,0.00,0.00
989,0, NO_INSURANCE,0.00,0.00
990,0, NO_INSURANCE,0.00,0.00
991,0, NO_INSURANCE,0.00,0.00
992,0, NO_INSURANCE,0.00,0.00
993,0, NO_INSURANCE,0.00,0.00
994,0, NO_INSURANCE,0.00,0.00
995,1, MULTIRISK,17.77,3.10
996,0, NO_INSURANCE,0.00,0.00
997,1, MULTIRISK,12.89,2.49
998,0, NO_INSURANCE,0.00,0.00
999,0, NO_INSURANCE,0.00,0.00
1000,0, NO_INSURANCE,0.00,0.00